,Age,23,Gender,male,
COMPLEX,
TIMES,1378,1053,1363,1554,1152,974,1016,1368,1523,940,841,1217,1099,1226,3363,1115,850,1008,1158,762,942,723,676,1394,1110,Count,25,Mean,1192,SD,501,Error Rate,19.35483870967742,Errors,6,
CHOICE,
TIMES,548,734,699,648,590,576,419,513,431,454,652,1473,478,602,998,378,397,553,553,896,495,510,525,360,466,Count,25,Mean,598,SD,232,Error Rate,3.8461538461538463,Errors,1,
SIMPLE PIC,
TIMES,533,520,409,263,557,345,367,350,313,369,441,396,391,334,291,349,278,276,575,384,Count,20,Mean,387,SD,92,Error Rate,0,Errors,0,
SIMPLE AUDIO,
TIMES,574,386,271,410,411,497,331,403,706,329,473,433,459,670,451,558,373,380,383,487,Count,20,Mean,449,SD,107,Error Rate,4.761904761904762,Errors,1,
