,Age,24,Gender,female,
COMPLEX,
TIMES,3452,1572,1177,977,1002,1462,335,1111,1339,1319,1359,1014,1114,1316,963,1045,878,1197,983,1103,1144,1134,946,830,1256,Count,25,Mean,1201,SD,517,Error Rate,3.8461538461538463,Errors,1,
SIMPLE PIC,
TIMES,19875,482,968,843,373,311,329,375,307,314,656,383,306,7518,1038,478,378,377,341,349,Count,20,Mean,1800,SD,4426,Error Rate,0,Errors,0,
CHOICE,
TIMES,1180,332,560,395,272,396,414,543,607,797,617,459,480,386,504,373,441,525,561,649,526,492,966,621,472,Count,25,Mean,543,SD,194,Error Rate,3.8461538461538463,Errors,1,
SIMPLE AUDIO,
TIMES,353368,2859,5649,4787,53,7797,3737,514,1229,5657,2214,1016,1514,4240,1669,3841,1605,4010,1485,2803,Count,20,Mean,20502,SD,76389,Error Rate,31.03448275862069,Errors,9,
